idade,horas_sono,passos_diarios,horas_sentado,freq_exercicio_semana,imc,horas_tela,consumo_agua_litros,cor_roupa_favorita,nivel_atividade
42,9.2,5845.0,9.7,2.0,23.3,4.8,2.0,Cinza,Moderadamente_Ativo
23,8.3,7064.0,7.7,2.0,21.3,6.4,2.6,Cinza,Moderadamente_Ativo
67,5.6,2105.0,10.1,0.0,25.3,6.9,0.8,Azul,Sedentario
32,8.4,9324.0,2.8,5.0,20.6,4.5,2.3,Branco,Ativo
54,7.6,1523.0,9.8,0.0,25.3,9.5,1.6,Vermelho,Sedentario
23,8.4,11408.0,3.3,5.0,18.2,2.0,2.6,Vermelho,Ativo
43,5.8,2897.0,11.1,0.0,34.1,6.8,1.3,Cinza,Sedentario
50,3.5,14000.0,2.0,6.0,19.5,2.0,3.5,Azul,Ativo
22,6.4,5768.0,8.0,,29.7,7.6,2.5,Amarelo,Moderadamente_Ativo
48,7.4,2037.0,12.5,1.0,27.7,7.8,1.7,Branco,Sedentario
37,6.7,0.0,7.7,0.0,32.7,13.5,0.8,Cinza,Sedentario
47,7.2,6294.0,7.5,2.0,28.1,3.4,,Verde,Moderadamente_Ativo
60,6.8,2905.0,11.4,1.0,,8.7,0.7,Preto,Sedentario
42,6.9,7638.0,6.5,3.0,23.4,6.5,2.3,Amarelo,Moderadamente_Ativo
36,5.6,2369.0,10.1,0.0,25.9,10.0,1.4,Vermelho,Sedentario
39,6.9,7020.0,6.8,3.0,26.5,3.8,2.7,Preto,Moderadamente_Ativo
33,6.8,15297.0,4.0,6.0,19.5,2.4,1.7,Vermelho,Ativo
60,6.3,2723.0,13.5,0.0,24.0,9.6,1.9,Preto,Sedentario
54,6.0,1983.0,8.7,0.0,21.0,9.4,1.2,Amarelo,Sedentario
55,7.5,2084.0,9.9,0.0,26.2,7.2,1.5,Vermelho,Sedentario
39,5.2,2433.0,9.3,0.0,29.0,8.1,0.7,Cinza,Sedentario
27,7.3,7724.0,7.3,3.0,26.4,5.6,1.9,Preto,Moderadamente_Ativo
44,6.3,2565.0,9.9,0.0,34.7,6.9,0.6,Preto,Sedentario
22,7.0,10943.0,3.1,5.0,21.0,1.4,2.6,Amarelo,Ativo
23,8.2,15990.0,3.4,5.0,23.0,3.1,,Verde,Ativo
26,6.8,7401.0,6.6,3.0,18.0,5.4,2.2,Branco,Moderadamente_Ativo
48,5.5,1923.0,10.1,0.0,26.7,7.6,1.5,Amarelo,Sedentario
27,6.8,8594.0,6.9,2.0,24.2,4.3,2.2,Branco,Moderadamente_Ativo
20,7.9,13865.0,4.3,5.0,,3.6,3.1,Branco,Ativo
19,8.2,15290.0,4.1,4.0,22.8,2.3,2.6,Azul,Ativo
27,7.6,14702.0,5.6,4.0,20.5,3.3,2.7,Cinza,Ativo
52,5.4,1138.0,11.2,,27.1,7.3,1.2,Amarelo,Sedentario
50,5.1,3162.0,10.8,0.0,31.8,8.6,1.2,Azul,Sedentario
37,7.1,9413.0,5.7,3.0,25.6,5.3,2.8,Vermelho,Moderadamente_Ativo
33,7.5,10576.0,2.5,5.0,24.3,1.8,3.7,Verde,Ativo
27,6.9,2314.0,11.4,,29.8,6.5,1.2,Vermelho,Sedentario
27,7.1,6474.0,7.0,2.0,,2.7,1.4,Roxo,Moderadamente_Ativo
37,8.4,6999.0,8.5,2.0,,3.4,2.1,Verde,Moderadamente_Ativo
33,6.0,2310.0,11.9,0.0,24.3,10.4,1.0,Preto,Sedentario
29,7.0,2851.0,13.5,0.0,30.1,8.9,1.7,Branco,Sedentario
23,8.0,11202.0,2.4,5.0,21.7,3.4,3.3,Cinza,Ativo
52,7.5,7589.0,7.7,4.0,23.4,7.6,1.1,Verde,Moderadamente_Ativo
44,6.5,2069.0,10.8,0.0,26.9,7.1,1.7,Branco,Sedentario
22,7.2,12911.0,5.9,6.0,23.2,3.5,2.8,Branco,Ativo
41,7.3,98.0,10.9,0.0,18.0,11.7,2.0,Branco,Sedentario
31,6.5,5254.0,6.2,2.0,23.2,6.8,1.9,Cinza,Moderadamente_Ativo
27,8.2,8504.0,6.1,4.0,19.0,5.5,1.5,Amarelo,Moderadamente_Ativo
62,5.8,973.0,9.1,0.0,27.7,8.5,1.8,Amarelo,Sedentario
33,8.7,7846.0,5.1,4.0,20.4,2.6,,Branco,Ativo
57,6.8,3146.0,12.1,1.0,31.9,8.2,1.2,Roxo,Sedentario
28,,8274.0,3.8,5.0,23.4,,2.4,Amarelo,Ativo
49,5.2,3378.0,10.4,0.0,29.5,9.3,1.2,Vermelho,Sedentario
48,7.9,2518.0,12.1,1.0,29.9,6.9,1.0,Amarelo,Sedentario
30,6.1,5238.0,7.1,4.0,22.3,,3.0,Verde,Moderadamente_Ativo
37,5.2,1472.0,9.4,0.0,29.0,7.5,0.5,Preto,Sedentario
65,5.7,1334.0,10.5,,26.4,9.9,0.9,Cinza,Sedentario
40,7.7,6161.0,7.4,2.0,25.6,6.2,1.9,Azul,Moderadamente_Ativo
21,8.8,9789.0,4.3,5.0,21.4,4.5,3.8,Amarelo,Ativo
39,4.6,3513.0,11.2,0.0,31.5,9.8,1.6,Azul,Sedentario
55,6.6,5918.0,7.1,4.0,24.3,4.1,2.1,Vermelho,Moderadamente_Ativo
27,6.5,3421.0,8.1,0.0,29.2,9.2,0.8,Amarelo,Sedentario
44,6.2,,9.1,2.0,26.3,4.6,2.5,Vermelho,Moderadamente_Ativo
37,8.4,12449.0,4.3,5.0,21.4,1.0,3.0,Verde,Ativo
22,7.2,8536.0,3.1,6.0,22.4,3.7,2.4,Preto,Ativo
56,6.4,2863.0,10.8,,34.1,8.1,0.8,Vermelho,Sedentario
35,6.9,,3.2,4.0,21.7,1.8,2.9,Preto,Ativo
26,8.1,12683.0,6.5,4.0,25.1,4.4,3.3,Roxo,Ativo
24,7.4,5685.0,8.5,2.0,25.2,4.2,2.2,Roxo,Moderadamente_Ativo
61,5.0,1280.0,9.9,0.0,33.1,,1.6,Roxo,Sedentario
32,5.4,1989.0,10.2,0.0,29.3,7.5,1.4,Preto,Sedentario
59,5.6,4652.0,9.9,0.0,27.9,10.0,0.9,Cinza,Sedentario
26,7.0,5803.0,5.8,3.0,21.8,5.4,2.1,Preto,Moderadamente_Ativo
56,6.1,2455.0,7.7,0.0,30.7,10.1,0.4,Verde,Sedentario
73,5.4,3615.0,10.8,0.0,27.2,8.0,1.3,Amarelo,Sedentario
18,7.2,4827.0,6.4,2.0,27.2,3.6,1.7,Cinza,Moderadamente_Ativo
19,9.7,13997.0,3.7,5.0,24.1,3.9,3.4,Preto,Ativo
39,6.8,17243.0,3.1,6.0,21.3,2.5,2.8,Preto,Ativo
33,8.1,7213.0,7.7,3.0,21.5,3.6,2.1,Azul,Moderadamente_Ativo
36,7.1,10278.0,2.7,5.0,19.7,2.9,2.7,Azul,Ativo
18,7.8,10464.0,4.0,6.0,25.9,2.9,2.1,Vermelho,Ativo
22,10.0,13960.0,7.0,5.0,20.6,3.6,3.4,Verde,Ativo
21,7.3,8000.0,3.1,4.0,19.7,2.5,2.6,Cinza,Ativo
30,5.8,6159.0,7.4,3.0,20.5,4.5,3.4,Cinza,Moderadamente_Ativo
25,9.2,7500.0,6.5,3.0,24.0,5.5,2.2,Amarelo,Moderadamente_Ativo
18,8.3,9265.0,4.1,4.0,24.1,3.5,2.6,Roxo,Ativo
29,6.4,8303.0,6.3,,25.0,5.4,2.5,Verde,Moderadamente_Ativo
18,7.3,8187.0,7.4,3.0,21.0,3.4,2.1,Branco,Moderadamente_Ativo
20,7.1,8455.0,9.1,2.0,20.8,4.6,2.5,Verde,Moderadamente_Ativo
38,6.7,5803.0,6.3,3.0,22.7,7.0,1.8,Cinza,Moderadamente_Ativo
55,3.8,120.0,15.8,0.0,47.9,14.2,0.3,Cinza,Sedentario
40,7.5,13907.0,3.9,4.0,21.3,4.4,2.2,Cinza,Ativo
47,,7271.0,9.5,3.0,27.4,3.7,1.8,Vermelho,Moderadamente_Ativo
32,6.7,2923.0,10.1,1.0,27.9,7.8,,Preto,Sedentario
44,6.9,6776.0,8.4,,23.2,5.3,1.9,Preto,Moderadamente_Ativo
33,,,10.7,0.0,30.0,12.4,1.0,Amarelo,Sedentario
48,5.4,3236.0,8.4,0.0,30.8,11.0,1.1,Vermelho,Sedentario
26,6.7,6365.0,9.0,2.0,24.1,,1.5,Branco,Moderadamente_Ativo
49,6.7,6898.0,7.2,3.0,19.9,3.3,2.2,Preto,Moderadamente_Ativo
37,6.8,8747.0,9.5,4.0,26.9,4.1,2.5,Vermelho,Moderadamente_Ativo
61,6.6,2129.0,8.9,,26.2,6.3,1.0,Preto,Sedentario
53,5.4,2530.0,9.4,0.0,23.3,7.0,0.6,Azul,Sedentario
50,4.8,1643.0,12.0,0.0,32.1,8.5,1.1,Cinza,Sedentario
57,5.3,3249.0,10.3,0.0,32.3,6.8,1.3,Cinza,Sedentario
39,7.9,7856.0,8.1,3.0,,4.5,2.0,Cinza,Moderadamente_Ativo
36,9.4,13610.0,3.9,5.0,19.7,1.5,3.2,Roxo,Ativo
51,6.2,4600.0,10.4,0.0,31.6,9.7,0.5,Roxo,Sedentario
47,7.5,7749.0,6.9,2.0,25.3,5.0,2.2,Branco,Moderadamente_Ativo
43,7.4,5649.0,7.0,2.0,27.2,6.3,2.4,Roxo,Moderadamente_Ativo
18,7.6,7938.0,8.0,2.0,28.5,3.3,,Azul,Moderadamente_Ativo
63,3.9,2160.0,10.0,0.0,25.9,6.7,1.8,Preto,Sedentario
21,7.1,8599.0,7.1,4.0,22.0,5.3,1.9,Vermelho,Moderadamente_Ativo
42,8.1,12815.0,1.6,5.0,,,1.8,Amarelo,Ativo
27,5.4,2368.0,10.8,0.0,30.7,6.5,1.7,Verde,Sedentario
61,,,13.2,0.0,33.9,9.7,0.7,Branco,Sedentario
39,5.3,2537.0,9.1,0.0,22.0,10.1,1.3,Roxo,Sedentario
30,4.4,1780.0,12.7,0.0,27.9,6.4,0.9,Preto,Sedentario
39,,1307.0,13.3,0.0,34.2,8.7,1.2,Vermelho,Sedentario
45,6.1,2581.0,10.9,1.0,30.5,8.0,0.5,Branco,Sedentario
18,7.2,,1.6,4.0,20.6,1.5,1.8,Preto,Ativo
61,4.3,2146.0,8.9,0.0,,7.8,1.2,Vermelho,Sedentario
56,6.6,3026.0,11.4,1.0,27.0,10.6,1.2,Vermelho,Sedentario
31,6.7,5772.0,6.8,3.0,20.1,5.3,2.4,Preto,Moderadamente_Ativo
24,8.0,12327.0,5.0,4.0,25.0,2.0,2.3,Azul,Ativo
28,,14587.0,2.8,5.0,21.0,1.9,2.9,Roxo,Ativo
49,7.5,,4.8,3.0,22.1,7.6,2.5,Roxo,Moderadamente_Ativo
51,6.7,6059.0,6.2,2.0,23.5,4.2,1.6,Preto,Moderadamente_Ativo
40,8.0,5985.0,8.0,3.0,29.7,,1.8,Branco,Moderadamente_Ativo
51,6.0,2980.0,7.4,0.0,32.4,6.1,1.6,Cinza,Sedentario
29,8.4,8203.0,7.3,3.0,20.3,4.1,2.5,Verde,Moderadamente_Ativo
33,7.6,6968.0,8.8,2.0,23.3,3.4,1.6,Cinza,Moderadamente_Ativo
22,7.7,5148.0,5.5,2.0,26.3,2.3,2.2,Roxo,Moderadamente_Ativo
22,7.8,11314.0,3.7,5.0,22.4,3.0,2.8,Branco,Ativo
36,6.8,6988.0,8.4,2.0,,8.1,1.4,Verde,Moderadamente_Ativo
36,7.7,8609.0,7.2,3.0,21.7,8.1,2.7,Verde,Moderadamente_Ativo
38,6.9,7672.0,8.5,3.0,21.0,6.5,2.2,Preto,Moderadamente_Ativo
38,,15164.0,2.7,,22.8,3.0,3.1,Cinza,Ativo
45,7.2,7587.0,7.3,2.0,19.5,3.0,1.0,Verde,Moderadamente_Ativo
45,7.3,5837.0,7.8,2.0,29.9,7.2,2.4,Cinza,Moderadamente_Ativo
23,7.6,15101.0,6.8,4.0,19.6,3.7,2.5,Preto,Ativo
30,8.5,12000.0,9.8,5.0,35.5,7.5,0.5,Vermelho,Ativo
57,6.3,0.0,8.7,0.0,36.2,6.5,0.5,Roxo,Sedentario
48,7.9,6244.0,8.0,3.0,24.5,3.3,1.9,Branco,Moderadamente_Ativo
23,8.3,,5.7,6.0,22.8,2.7,3.5,Preto,Ativo
38,6.1,6560.0,8.8,4.0,25.0,7.9,1.7,Amarelo,Moderadamente_Ativo
32,7.5,,3.5,6.0,19.3,0.5,2.6,Roxo,Ativo
35,,3048.0,13.2,0.0,31.6,7.5,0.9,Roxo,Sedentario
26,6.4,1870.0,8.5,0.0,24.7,11.2,1.5,Preto,Sedentario
25,9.3,12183.0,4.2,6.0,21.5,3.6,3.1,Cinza,Ativo
38,6.9,10021.0,4.1,7.0,18.9,1.4,3.1,Verde,Ativo
33,8.4,9006.0,5.0,4.0,21.9,2.4,3.7,Cinza,Ativo
25,8.8,12779.0,4.7,4.0,21.2,4.3,3.1,Vermelho,Ativo
18,6.1,2238.0,11.5,1.0,33.9,8.1,0.7,Verde,Sedentario
62,7.6,1298.0,11.4,0.0,33.7,7.0,1.4,Cinza,Sedentario
23,7.6,13597.0,1.8,4.0,25.7,2.1,3.0,Verde,Ativo
25,7.9,7865.0,7.7,2.0,23.4,4.7,2.4,Vermelho,Moderadamente_Ativo
52,,7357.0,5.9,2.0,27.3,5.3,2.7,Cinza,Moderadamente_Ativo
27,6.7,9169.0,3.1,5.0,20.4,2.2,3.3,Cinza,Ativo
18,7.8,8883.0,4.2,5.0,22.2,3.0,3.4,Cinza,Ativo
38,8.2,2895.0,9.7,0.0,33.3,9.5,0.5,Verde,Sedentario
59,7.6,2905.0,8.9,0.0,31.3,6.5,1.4,Branco,Sedentario
43,8.7,13835.0,2.0,5.0,21.7,3.1,2.7,Amarelo,Ativo
43,,2467.0,9.5,0.0,31.8,7.0,1.1,Azul,Sedentario
18,7.4,6178.0,8.7,2.0,24.4,4.4,2.8,Azul,Moderadamente_Ativo
29,9.6,12245.0,3.8,4.0,20.7,3.4,4.1,Amarelo,Ativo
57,5.5,2087.0,7.9,0.0,19.0,6.0,1.4,Azul,Sedentario
23,8.6,,2.9,5.0,22.7,3.2,2.6,Azul,Ativo
33,7.7,2714.0,10.4,0.0,35.0,11.5,1.8,Vermelho,Sedentario
18,8.2,10990.0,2.1,6.0,24.3,2.7,3.4,Roxo,Ativo
35,7.2,9274.0,5.0,4.0,20.2,4.4,2.9,Amarelo,Ativo
23,5.5,378.0,10.9,0.0,25.9,9.4,0.6,Preto,Sedentario
38,,9095.0,4.3,5.0,,3.5,3.3,Roxo,Ativo
74,6.0,3175.0,9.0,0.0,24.8,7.5,1.9,Roxo,Sedentario
29,4.4,1596.0,12.4,0.0,24.9,9.9,0.9,Preto,Sedentario
27,8.4,15101.0,5.2,5.0,19.2,2.4,2.8,Roxo,Ativo
18,7.2,7728.0,6.7,3.0,27.3,5.5,2.3,Verde,Moderadamente_Ativo
36,8.6,16232.0,3.3,6.0,25.7,,2.5,Vermelho,Ativo
44,8.6,11823.0,4.0,5.0,21.0,0.7,3.1,Roxo,Ativo
25,7.4,7842.0,7.7,4.0,,2.4,2.2,Vermelho,Moderadamente_Ativo
54,,2659.0,9.7,0.0,28.5,10.4,1.2,Preto,Sedentario
65,7.4,650.0,12.6,1.0,34.4,8.2,0.8,Preto,Sedentario
18,7.8,10985.0,3.6,6.0,22.3,2.0,3.6,Cinza,Ativo
26,,11663.0,3.1,6.0,18.7,1.0,3.0,Amarelo,Ativo
38,7.7,5464.0,6.6,2.0,26.8,3.8,2.0,Branco,Moderadamente_Ativo
26,7.4,1591.0,12.7,0.0,34.6,8.5,0.4,Roxo,Sedentario
44,8.5,8330.0,6.4,3.0,24.8,4.2,2.5,Amarelo,Moderadamente_Ativo
39,8.1,17498.0,4.0,4.0,16.8,3.4,3.6,Preto,Ativo
27,8.6,8490.0,5.3,5.0,20.9,2.7,,Cinza,Ativo
36,5.6,1396.0,10.2,0.0,19.6,8.3,1.1,Branco,Sedentario
29,7.9,5920.0,6.3,3.0,21.9,3.0,2.1,Azul,Moderadamente_Ativo
39,6.9,2542.0,8.4,1.0,36.7,7.5,0.9,Vermelho,Sedentario
32,6.8,10060.0,3.5,4.0,19.3,3.2,3.0,Preto,Ativo
39,,8290.0,5.2,3.0,22.4,7.0,1.0,Cinza,Moderadamente_Ativo
26,6.9,6670.0,6.2,3.0,21.9,5.2,2.7,Preto,Moderadamente_Ativo
34,10.0,12806.0,1.8,5.0,23.6,1.9,2.6,Vermelho,Ativo
47,5.8,8843.0,6.3,3.0,31.4,8.0,1.6,Roxo,Moderadamente_Ativo
50,7.3,3565.0,11.9,0.0,23.8,7.5,1.1,Vermelho,Sedentario
40,8.0,6549.0,4.9,3.0,21.9,3.5,2.4,Preto,Moderadamente_Ativo
52,7.5,5926.0,5.4,3.0,24.7,6.0,1.4,Amarelo,Moderadamente_Ativo
44,,6986.0,7.4,2.0,25.8,,2.4,Vermelho,Moderadamente_Ativo
39,4.5,2306.0,10.3,0.0,31.5,11.5,1.2,Roxo,Sedentario
22,9.6,15992.0,4.0,5.0,23.7,4.7,3.2,Cinza,Ativo
66,7.1,2155.0,10.0,0.0,37.9,9.1,1.3,Vermelho,Sedentario
18,6.2,6402.0,7.8,2.0,26.8,4.3,1.9,Branco,Moderadamente_Ativo
57,5.3,2450.0,9.8,0.0,30.6,10.2,0.9,Vermelho,Sedentario
26,7.1,9812.0,2.9,4.0,21.8,2.3,2.1,Preto,Ativo
37,8.7,13379.0,3.4,5.0,21.5,2.5,2.6,Preto,Ativo
26,8.5,12223.0,3.7,4.0,25.1,1.1,2.6,Azul,Ativo
32,6.0,5104.0,6.6,2.0,23.8,6.2,1.8,Branco,Moderadamente_Ativo
33,8.0,2800.0,10.5,1.0,30.5,9.0,1.0,Preto,Sedentario
40,6.3,8079.0,3.8,3.0,21.2,3.1,2.0,Cinza,Moderadamente_Ativo
22,8.6,11876.0,3.4,5.0,19.0,3.8,3.6,Azul,Ativo
31,4.6,2557.0,12.0,1.0,27.3,10.2,1.1,Azul,Sedentario
43,6.7,1455.0,9.1,0.0,24.0,11.6,1.0,Preto,Sedentario
51,8.3,5395.0,7.7,4.0,22.7,4.6,1.8,Amarelo,Moderadamente_Ativo
23,7.1,4879.0,7.7,3.0,26.3,2.6,2.7,Preto,Moderadamente_Ativo
62,4.2,95.0,15.2,0.0,45.1,13.8,0.5,Branco,Sedentario
50,7.1,1951.0,10.7,0.0,29.5,8.6,1.8,Cinza,Sedentario
36,7.4,3879.0,5.1,2.0,20.6,5.5,2.2,Vermelho,Moderadamente_Ativo
46,7.8,7275.0,8.7,3.0,25.5,3.6,3.5,Branco,Moderadamente_Ativo
23,6.1,5788.0,6.1,2.0,23.7,6.3,1.5,Branco,Moderadamente_Ativo
33,6.2,5795.0,8.7,2.0,28.7,6.5,1.9,Branco,Moderadamente_Ativo
35,7.8,7551.0,5.7,3.0,27.9,7.5,2.1,Vermelho,Moderadamente_Ativo
41,6.3,2276.0,12.2,0.0,28.5,7.0,1.6,Preto,Sedentario
35,6.6,12291.0,3.1,5.0,22.8,2.1,2.5,Branco,Ativo
23,7.1,7403.0,5.1,4.0,23.1,5.2,2.7,Verde,Moderadamente_Ativo
41,6.2,1590.0,8.4,1.0,21.5,12.2,1.4,Cinza,Sedentario
18,8.4,6516.0,7.9,4.0,31.2,4.1,2.2,Branco,Moderadamente_Ativo
66,7.2,2096.0,10.0,0.0,35.3,9.9,1.0,Verde,Sedentario
18,6.6,8312.0,7.1,3.0,24.4,6.0,1.8,Roxo,Moderadamente_Ativo
38,6.8,631.0,10.6,0.0,25.0,9.3,1.1,Vermelho,Sedentario
21,8.3,11181.0,1.0,6.0,19.5,3.4,2.3,Cinza,Ativo
43,7.0,5037.0,9.5,0.0,26.8,12.0,0.8,Preto,Sedentario
33,7.8,7378.0,7.5,2.0,22.7,4.6,2.9,Branco,Moderadamente_Ativo
31,6.8,14349.0,5.7,4.0,21.2,3.0,3.4,Cinza,Ativo
18,8.8,7718.0,6.4,2.0,20.9,7.0,1.8,Vermelho,Moderadamente_Ativo
46,7.9,7617.0,6.4,2.0,25.5,4.2,1.8,Verde,Moderadamente_Ativo
34,7.3,6536.0,8.0,2.0,21.5,4.9,1.5,Vermelho,Moderadamente_Ativo
38,5.6,1953.0,12.2,1.0,26.8,7.2,1.3,Amarelo,Sedentario
32,7.6,6400.0,6.9,3.0,18.0,3.2,2.1,Azul,Moderadamente_Ativo
23,7.6,6639.0,7.6,2.0,24.1,7.9,,Cinza,Moderadamente_Ativo
26,7.7,10479.0,4.4,5.0,20.9,2.3,3.6,Verde,Ativo
26,7.8,8936.0,7.1,3.0,22.6,,2.2,Cinza,Moderadamente_Ativo
46,4.5,3435.0,11.1,0.0,28.2,9.0,1.3,Branco,Sedentario
64,5.2,762.0,10.0,0.0,32.7,7.3,0.4,Vermelho,Sedentario
30,5.7,6465.0,7.0,2.0,18.8,7.2,1.8,Amarelo,Moderadamente_Ativo
29,8.0,9929.0,4.5,5.0,22.2,2.7,2.8,Vermelho,Ativo
28,8.1,8694.0,6.1,2.0,23.6,5.8,2.0,Azul,Moderadamente_Ativo
29,7.0,13052.0,3.3,,22.6,3.9,3.0,Verde,Ativo
78,6.3,2409.0,10.5,0.0,,7.6,0.9,Branco,Sedentario
50,5.5,2410.0,9.5,0.0,33.0,9.3,2.0,Roxo,Sedentario
38,7.3,17344.0,3.6,5.0,24.8,2.2,3.3,Preto,Ativo
19,8.3,,3.6,6.0,22.2,3.1,2.7,Verde,Ativo
70,6.9,2000.0,11.3,1.0,33.1,,0.8,Azul,Sedentario
24,6.4,14760.0,3.6,4.0,26.3,4.0,2.7,Vermelho,Ativo
44,5.7,3412.0,10.8,1.0,23.0,8.9,1.5,Roxo,Sedentario
30,7.2,9659.0,4.2,6.0,19.5,3.6,2.6,Roxo,Ativo
52,8.3,1858.0,8.8,0.0,35.5,9.5,1.1,Amarelo,Sedentario
37,6.9,7165.0,9.7,2.0,25.8,4.9,2.3,Preto,Moderadamente_Ativo
30,8.1,7693.0,7.1,3.0,21.1,6.7,,Branco,Moderadamente_Ativo
62,5.3,2658.0,9.9,,34.6,8.8,1.1,Azul,Sedentario
20,7.7,11780.0,1.9,6.0,21.5,2.5,3.7,Verde,Ativo
38,6.0,8164.0,7.1,2.0,18.0,4.9,,Verde,Moderadamente_Ativo
52,6.8,7758.0,5.5,4.0,26.4,,,Amarelo,Moderadamente_Ativo
26,9.0,13926.0,5.0,4.0,24.0,4.2,2.9,Preto,Ativo
29,7.1,5185.0,6.4,3.0,28.6,4.5,1.6,Preto,Moderadamente_Ativo
18,8.6,8808.0,3.0,4.0,20.7,1.8,3.2,Branco,Ativo
40,7.3,1107.0,13.1,0.0,27.7,,1.5,Verde,Sedentario
38,9.2,10960.0,2.4,5.0,20.4,0.6,2.6,Cinza,Ativo
42,6.1,4480.0,8.1,0.0,32.3,8.9,1.0,Verde,Sedentario
39,8.0,8719.0,5.5,2.0,24.7,7.7,2.2,Cinza,Moderadamente_Ativo
62,5.3,0.0,9.9,0.0,19.6,10.4,1.2,Preto,Sedentario
21,,13094.0,4.0,4.0,21.0,2.0,3.4,Cinza,Ativo
27,8.2,15651.0,4.8,4.0,21.3,2.5,2.6,Roxo,Ativo
43,4.4,2395.0,11.1,1.0,23.1,8.3,1.1,Amarelo,Sedentario
30,7.4,5699.0,7.0,2.0,28.9,4.9,1.1,Vermelho,Moderadamente_Ativo
54,5.9,2628.0,8.7,0.0,28.4,7.7,1.5,Cinza,Sedentario
37,5.9,2347.0,11.4,0.0,23.6,9.1,1.3,Cinza,Sedentario
39,8.3,1386.0,7.4,0.0,27.1,6.9,1.4,Branco,Sedentario
32,7.8,7049.0,7.0,2.0,22.0,5.1,2.5,Azul,Moderadamente_Ativo
29,8.9,10121.0,4.6,5.0,,2.0,2.1,Branco,Ativo
33,8.2,14609.0,3.0,5.0,24.0,2.7,3.1,Preto,Ativo
31,7.4,6253.0,6.9,3.0,26.7,,3.1,Azul,Moderadamente_Ativo
32,6.6,,8.6,3.0,21.6,5.6,2.3,Vermelho,Moderadamente_Ativo
33,5.5,8454.0,6.4,3.0,27.4,4.1,2.6,Azul,Moderadamente_Ativo
33,7.0,7077.0,7.4,2.0,23.6,4.1,1.7,Preto,Moderadamente_Ativo
25,7.4,12591.0,5.6,4.0,24.9,4.9,2.4,Cinza,Ativo
23,8.1,11407.0,3.5,4.0,21.1,2.8,2.7,Roxo,Ativo
40,5.0,1500.0,3.0,0.0,,1.5,4.0,Roxo,Sedentario
22,8.2,9249.0,7.5,2.0,25.8,4.5,2.4,Azul,Moderadamente_Ativo
49,6.1,2018.0,11.1,0.0,33.8,8.7,1.2,Preto,Sedentario
39,7.0,7529.0,5.5,3.0,24.4,4.1,2.0,Amarelo,Moderadamente_Ativo
27,8.6,16388.0,3.5,4.0,20.9,1.2,3.3,Branco,Ativo
18,7.9,13944.0,5.6,4.0,24.3,4.5,2.7,Azul,Ativo
42,8.7,15331.0,3.0,4.0,22.5,1.2,3.1,Branco,Ativo
40,9.0,13456.0,4.5,6.0,23.0,3.4,2.1,Preto,Ativo
57,5.0,1869.0,11.1,0.0,30.6,8.4,1.0,Azul,Sedentario
23,7.7,12138.0,2.9,4.0,22.2,2.6,2.7,Cinza,Ativo
35,7.7,7021.0,7.0,2.0,22.4,5.2,2.0,Verde,Moderadamente_Ativo
49,7.0,412.0,12.5,0.0,36.8,8.8,0.5,Verde,Sedentario
32,7.1,4480.0,8.2,2.0,22.8,4.8,2.3,Branco,Moderadamente_Ativo
26,6.3,3142.0,10.8,0.0,31.1,8.8,1.4,Preto,Sedentario
23,7.9,5233.0,10.1,3.0,25.1,3.9,1.9,Preto,Moderadamente_Ativo
74,5.7,2172.0,11.2,1.0,29.6,10.1,1.7,Amarelo,Sedentario
40,9.2,4978.0,6.7,2.0,21.2,3.6,2.2,Verde,Moderadamente_Ativo
41,8.2,10634.0,4.5,4.0,17.0,3.1,1.7,Azul,Ativo
45,6.7,6157.0,7.7,3.0,25.9,3.1,2.8,Azul,Moderadamente_Ativo
37,6.6,6394.0,7.9,3.0,27.7,7.7,2.5,Cinza,Moderadamente_Ativo
19,6.6,13134.0,4.6,4.0,21.2,2.8,3.7,Amarelo,Ativo
41,7.0,10471.0,4.3,5.0,22.7,2.1,3.5,Azul,Ativo
24,6.5,8074.0,5.0,3.0,21.6,4.0,2.0,Azul,Moderadamente_Ativo
56,5.5,2649.0,10.5,1.0,27.6,7.8,1.3,Cinza,Sedentario
47,7.5,1875.0,10.8,,30.7,9.3,1.3,Azul,Sedentario
18,6.0,8369.0,9.2,2.0,28.1,3.6,1.7,Amarelo,Moderadamente_Ativo
38,6.8,1865.0,8.0,0.0,29.4,8.9,0.7,Preto,Sedentario
21,7.3,16090.0,3.6,5.0,19.5,1.3,2.9,Amarelo,Ativo
28,9.1,14669.0,4.9,5.0,23.7,2.0,3.2,Amarelo,Ativo
45,7.4,2639.0,11.1,0.0,31.1,9.5,1.6,Amarelo,Sedentario
37,7.9,11924.0,3.7,5.0,23.1,2.9,2.3,Roxo,Ativo
39,7.0,2750.0,9.1,0.0,32.4,5.8,1.3,Branco,Sedentario
39,7.1,7394.0,6.1,2.0,27.2,6.5,1.8,Vermelho,Moderadamente_Ativo
39,6.6,1433.0,10.1,0.0,33.2,11.4,1.3,Azul,Sedentario
27,8.8,15678.0,5.4,4.0,19.8,0.5,2.3,Roxo,Ativo
52,3.5,2737.0,11.8,0.0,,11.5,1.3,Roxo,Sedentario
28,4.1,3083.0,12.0,0.0,27.0,5.9,1.3,Azul,Sedentario
26,5.9,9200.0,9.2,2.0,18.7,4.4,,Azul,Moderadamente_Ativo
25,7.4,8097.0,7.8,3.0,20.3,7.3,1.8,Roxo,Moderadamente_Ativo
31,7.6,12872.0,1.5,4.0,24.1,1.9,3.2,Vermelho,Ativo
34,7.6,5714.0,8.3,3.0,24.3,6.7,,Azul,Moderadamente_Ativo
68,7.4,,6.4,3.0,18.0,5.7,2.8,Verde,Moderadamente_Ativo
27,8.2,6434.0,5.0,3.0,,6.6,2.3,Vermelho,Moderadamente_Ativo
46,6.7,2453.0,8.7,0.0,27.1,6.0,0.9,Roxo,Sedentario
27,8.3,15026.0,4.7,5.0,20.9,3.2,2.5,Vermelho,Ativo
38,6.6,6928.0,8.4,2.0,20.7,5.3,2.3,Amarelo,Moderadamente_Ativo
53,6.5,7014.0,5.9,2.0,24.0,5.0,2.4,Azul,Moderadamente_Ativo
41,7.5,2797.0,11.3,0.0,28.2,6.6,1.0,Azul,Sedentario
42,7.5,4069.0,6.9,3.0,22.5,4.0,2.8,Azul,Moderadamente_Ativo
29,8.2,13925.0,3.8,5.0,20.5,2.5,3.2,Roxo,Ativo
21,8.9,14386.0,2.6,6.0,22.1,2.9,2.8,Cinza,Ativo
36,8.0,12365.0,4.4,5.0,25.2,1.0,3.0,Branco,Ativo
21,8.1,7144.0,5.7,2.0,25.2,4.4,3.0,Amarelo,Moderadamente_Ativo
22,7.9,,5.6,4.0,23.5,1.1,2.7,Azul,Ativo
47,5.7,2027.0,10.3,0.0,26.0,8.7,1.1,Azul,Sedentario
44,7.3,6293.0,5.5,3.0,25.1,3.3,2.5,Azul,Moderadamente_Ativo
30,6.4,7232.0,6.7,3.0,22.9,3.1,,Roxo,Moderadamente_Ativo
50,,1503.0,11.7,0.0,28.8,11.5,0.7,Preto,Sedentario
30,8.6,12373.0,4.8,4.0,22.5,3.7,2.9,Cinza,Ativo
19,6.9,11681.0,4.0,5.0,20.9,1.9,3.2,Branco,Ativo
34,8.9,12375.0,5.8,6.0,22.9,4.1,2.7,Roxo,Ativo
39,7.5,6018.0,10.1,3.0,,5.2,2.1,Preto,Moderadamente_Ativo
29,6.2,10000.0,5.1,4.0,23.2,4.9,1.8,Branco,Moderadamente_Ativo
51,5.7,3858.0,9.9,,27.4,10.9,1.9,Azul,Sedentario
54,5.1,2219.0,8.2,0.0,31.9,7.7,1.7,Preto,Sedentario
27,9.5,30000.0,1.0,7.0,16.8,0.6,5.0,Verde,Ativo
54,7.4,2983.0,11.1,0.0,22.2,9.2,1.2,Vermelho,Sedentario
22,8.0,8378.0,3.4,4.0,21.3,3.9,2.9,Preto,Ativo
34,5.0,384.0,9.4,0.0,27.6,7.8,,Verde,Sedentario
40,6.9,7088.0,7.2,2.0,21.5,5.5,2.0,Verde,Moderadamente_Ativo
57,9.1,2584.0,12.8,0.0,29.6,6.1,1.4,Verde,Sedentario
22,8.4,12924.0,4.4,4.0,24.1,2.3,3.2,Verde,Ativo
52,7.0,7119.0,8.0,4.0,22.6,4.1,1.6,Preto,Moderadamente_Ativo
60,6.5,2218.0,10.2,0.0,29.0,9.7,1.1,Verde,Sedentario
28,6.8,6623.0,8.2,4.0,23.5,4.9,1.5,Branco,Moderadamente_Ativo
20,8.0,3456.0,7.0,2.0,23.0,3.7,1.0,Vermelho,Moderadamente_Ativo
35,,12826.0,1.8,5.0,22.9,3.2,3.0,Azul,Ativo
26,8.8,13525.0,6.4,4.0,17.7,1.4,2.9,Preto,Ativo
47,7.8,6527.0,8.7,3.0,26.5,4.4,1.8,Branco,Moderadamente_Ativo
40,8.8,6609.0,5.9,2.0,23.9,4.4,3.1,Roxo,Moderadamente_Ativo
25,,14702.0,3.5,5.0,19.8,6.7,2.2,Roxo,Ativo
39,8.5,8006.0,7.7,3.0,23.5,3.3,2.2,Preto,Moderadamente_Ativo
55,4.4,2353.0,8.8,0.0,29.4,7.1,0.9,Amarelo,Sedentario
45,6.9,7842.0,7.1,2.0,24.3,4.6,2.2,Preto,Moderadamente_Ativo
53,5.6,2382.0,13.5,1.0,31.0,8.6,,Branco,Sedentario
49,5.4,3162.0,12.6,0.0,26.3,8.6,1.6,Branco,Sedentario
60,7.8,5805.0,8.0,4.0,24.4,2.5,2.0,Preto,Moderadamente_Ativo
39,8.6,,2.2,4.0,20.5,2.9,2.9,Roxo,Ativo
49,7.4,3173.0,12.2,0.0,24.4,11.1,0.6,Branco,Sedentario
35,8.1,6272.0,5.8,2.0,23.1,4.9,2.4,Cinza,Moderadamente_Ativo
41,7.0,12201.0,5.3,5.0,20.8,1.3,3.5,Roxo,Ativo
42,8.1,7362.0,8.4,2.0,23.5,2.5,,Cinza,Moderadamente_Ativo
67,5.9,3319.0,8.8,0.0,23.3,8.6,1.4,Vermelho,Sedentario
34,7.4,1735.0,14.2,0.0,30.0,7.1,1.4,Vermelho,Sedentario
28,7.1,5398.0,7.2,2.0,19.1,6.8,1.6,Azul,Moderadamente_Ativo
47,7.4,,12.6,0.0,27.4,6.9,0.4,Cinza,Sedentario
39,5.5,2382.0,12.1,0.0,27.6,9.7,0.4,Vermelho,Sedentario
48,9.2,6474.0,8.1,,21.7,7.5,1.6,Amarelo,Moderadamente_Ativo
35,7.1,2842.0,7.3,0.0,28.9,7.6,1.0,Vermelho,Sedentario
44,7.2,4155.0,8.3,1.0,35.0,9.5,1.3,Preto,Sedentario
23,9.8,28000.0,1.2,7.0,17.2,0.8,4.8,Azul,Ativo
56,6.5,6315.0,7.3,3.0,23.2,6.7,1.1,Preto,Moderadamente_Ativo
25,8.7,9805.0,5.2,5.0,22.4,2.3,2.2,Azul,Ativo
47,8.6,14899.0,5.2,4.0,22.7,1.4,2.3,Preto,Ativo
32,8.2,5832.0,6.4,3.0,24.9,2.9,2.2,Branco,Moderadamente_Ativo
39,6.6,2744.0,8.4,0.0,33.7,9.7,0.7,Cinza,Sedentario
65,8.2,8990.0,5.5,2.0,26.1,5.8,2.3,Cinza,Moderadamente_Ativo
23,8.7,11380.0,4.0,6.0,18.8,,3.1,Amarelo,Ativo
50,,6544.0,5.5,,23.3,6.2,2.1,Verde,Moderadamente_Ativo
28,8.2,,3.9,5.0,19.2,2.1,2.8,Amarelo,Ativo
44,6.4,3009.0,11.2,0.0,30.7,12.3,1.1,Verde,Sedentario
58,7.3,2692.0,7.9,1.0,,9.4,0.5,Cinza,Sedentario
33,5.2,1906.0,10.2,0.0,32.2,7.1,0.5,Preto,Sedentario
27,6.9,,3.8,6.0,23.1,3.3,3.6,Roxo,Ativo
18,8.8,11601.0,4.3,4.0,21.1,2.3,2.6,Cinza,Ativo
45,6.6,3883.0,12.7,0.0,26.7,8.3,0.4,Verde,Sedentario
50,4.7,,12.5,0.0,24.5,8.9,1.7,Azul,Sedentario
18,8.3,6100.0,6.9,3.0,28.8,5.2,1.9,Azul,Moderadamente_Ativo
35,5.3,2061.0,9.7,0.0,34.5,,1.1,Preto,Sedentario
55,6.8,2223.0,11.0,0.0,31.5,8.4,0.7,Amarelo,Sedentario
24,8.0,14410.0,3.4,,19.6,3.8,3.1,Amarelo,Ativo
26,7.3,12468.0,3.4,5.0,23.0,3.6,2.6,Verde,Ativo
60,8.5,6653.0,9.5,2.0,26.2,5.0,2.3,Vermelho,Moderadamente_Ativo
24,6.4,6580.0,6.0,2.0,20.5,4.3,1.5,Vermelho,Moderadamente_Ativo
36,6.7,3717.0,12.4,1.0,27.1,6.9,1.0,Roxo,Sedentario
53,8.0,5101.0,5.2,2.0,23.0,4.7,2.4,Verde,Moderadamente_Ativo
37,7.9,13036.0,1.9,4.0,23.6,1.5,3.0,Vermelho,Ativo
31,7.5,6950.0,4.2,4.0,22.7,3.8,2.2,Vermelho,Moderadamente_Ativo
22,9.1,13122.0,3.8,5.0,23.4,7.3,2.7,Vermelho,Ativo
29,6.8,3142.0,12.7,0.0,27.9,8.9,1.9,Roxo,Sedentario
33,9.0,12875.0,4.3,6.0,24.4,2.8,2.7,Amarelo,Ativo
51,7.2,2825.0,11.9,0.0,30.1,9.3,1.3,Branco,Sedentario
19,6.3,8368.0,8.8,2.0,20.2,6.6,2.1,Preto,Moderadamente_Ativo
19,4.5,80.0,15.5,0.0,46.3,13.5,0.4,Preto,Sedentario
23,7.4,11540.0,3.9,5.0,18.6,2.3,3.0,Branco,Ativo
28,5.0,2082.0,9.4,,20.4,9.4,1.2,Cinza,Sedentario
18,7.8,8429.0,6.2,3.0,29.4,4.6,1.9,Amarelo,Moderadamente_Ativo
22,,12013.0,3.8,5.0,20.9,3.0,2.9,Vermelho,Ativo
46,8.1,7402.0,8.8,2.0,21.0,6.0,2.1,Cinza,Moderadamente_Ativo
35,8.4,7927.0,6.2,3.0,26.1,1.5,2.5,Preto,Moderadamente_Ativo
25,7.7,8302.0,7.4,,25.7,4.9,2.3,Roxo,Moderadamente_Ativo
30,7.8,10745.0,3.9,5.0,20.8,1.8,2.9,Preto,Ativo
28,7.5,14268.0,3.4,4.0,21.0,1.8,2.1,Cinza,Ativo
34,8.4,11349.0,3.3,4.0,18.4,,2.9,Branco,Ativo
34,6.7,1917.0,10.4,0.0,27.5,7.9,0.8,Branco,Sedentario
35,9.6,13716.0,1.0,5.0,21.9,3.7,,Cinza,Ativo
43,6.7,8266.0,7.9,3.0,20.9,,2.1,Azul,Moderadamente_Ativo
46,6.7,2301.0,11.7,1.0,23.6,9.9,1.3,Amarelo,Sedentario
29,7.9,8169.0,6.8,2.0,22.2,4.6,2.6,Roxo,Moderadamente_Ativo
54,7.3,3500.0,5.1,2.0,27.1,4.6,2.6,Amarelo,Moderadamente_Ativo
27,7.1,13503.0,4.9,6.0,19.8,2.6,2.4,Cinza,Ativo
38,6.7,2224.0,10.5,0.0,25.3,10.6,0.9,Vermelho,Sedentario
31,6.9,,5.5,2.0,25.1,6.2,1.9,Amarelo,Moderadamente_Ativo
70,6.6,2463.0,10.6,0.0,34.2,7.7,0.6,Amarelo,Sedentario
28,7.4,6761.0,6.3,3.0,23.5,2.8,1.9,Vermelho,Moderadamente_Ativo
35,7.7,5305.0,7.2,3.0,22.7,6.5,1.9,Preto,Moderadamente_Ativo
27,7.9,9335.0,3.8,6.0,21.5,3.5,2.2,Branco,Ativo
26,6.8,7186.0,6.4,3.0,23.5,5.1,2.3,Azul,Moderadamente_Ativo
43,5.1,2088.0,11.0,0.0,25.3,9.9,1.6,Preto,Sedentario
26,5.8,2528.0,11.3,1.0,30.2,,,Vermelho,Sedentario
36,7.7,11707.0,4.6,4.0,22.7,3.1,3.0,Branco,Ativo
19,9.0,17163.0,3.8,4.0,21.9,3.8,2.6,Roxo,Ativo
22,7.9,4393.0,8.1,2.0,25.3,3.2,2.2,Amarelo,Moderadamente_Ativo
39,4.6,1807.0,10.4,0.0,34.0,5.5,1.3,Preto,Sedentario
18,7.6,12555.0,4.6,4.0,21.8,1.2,,Cinza,Ativo
50,7.5,7048.0,9.5,2.0,23.8,6.1,2.0,Azul,Moderadamente_Ativo
50,6.6,2860.0,13.3,0.0,25.8,6.3,0.8,Branco,Sedentario
32,6.6,2516.0,11.2,0.0,39.5,7.5,0.9,Branco,Sedentario
62,,2201.0,11.1,0.0,23.8,10.3,1.0,Preto,Sedentario
51,4.1,3076.0,9.8,1.0,28.6,,0.6,Vermelho,Sedentario
76,7.4,1070.0,10.6,1.0,31.8,9.0,1.5,Azul,Sedentario
46,8.2,2037.0,10.8,0.0,34.2,12.5,0.9,Cinza,Sedentario
31,7.1,14998.0,2.0,5.0,21.2,4.4,2.8,Cinza,Ativo
57,6.7,1723.0,10.4,0.0,24.3,10.9,1.5,Amarelo,Sedentario
52,7.0,4776.0,7.2,2.0,30.8,5.7,,Branco,Moderadamente_Ativo
46,6.5,3485.0,9.1,0.0,28.3,8.4,1.4,Vermelho,Sedentario
77,5.9,0.0,7.4,0.0,25.1,8.2,1.5,Verde,Sedentario
35,5.1,3079.0,9.6,0.0,30.9,10.9,1.4,Roxo,Sedentario
46,5.6,1901.0,10.6,0.0,35.5,4.3,1.5,Verde,Sedentario
39,7.1,6286.0,7.9,3.0,25.0,4.8,3.0,Amarelo,Moderadamente_Ativo
31,7.9,8253.0,4.0,5.0,25.6,4.1,4.0,Preto,Ativo
23,8.7,15963.0,5.0,4.0,22.6,1.5,3.2,Verde,Ativo
18,8.6,13405.0,3.1,5.0,18.8,3.8,2.7,Azul,Ativo
25,8.4,12722.0,4.7,4.0,18.1,3.9,2.4,Cinza,Ativo
44,7.6,6761.0,10.3,2.0,23.2,6.9,2.5,Azul,Moderadamente_Ativo
24,9.0,14946.0,3.8,5.0,23.1,2.6,3.3,Verde,Ativo
39,7.6,9332.0,2.5,5.0,20.3,2.5,2.7,Preto,Ativo
75,4.8,2767.0,9.5,0.0,31.1,10.5,1.7,Vermelho,Sedentario
53,6.0,4822.0,12.6,0.0,28.2,12.1,1.4,Vermelho,Sedentario
28,7.4,7925.0,8.4,2.0,26.3,2.6,1.7,Verde,Moderadamente_Ativo
37,7.4,,4.0,5.0,20.9,3.1,3.0,Roxo,Ativo
31,8.5,14099.0,2.7,4.0,20.1,2.9,2.8,Preto,Ativo
37,4.7,1310.0,11.3,0.0,36.6,5.2,1.8,Amarelo,Sedentario
28,8.1,12740.0,3.8,4.0,23.9,,3.1,Preto,Ativo
50,5.0,4112.0,10.7,0.0,32.2,9.3,1.2,Preto,Sedentario
28,8.4,,7.2,3.0,,4.8,1.4,Roxo,Moderadamente_Ativo
37,7.6,12015.0,4.6,4.0,20.5,1.6,3.5,Cinza,Ativo
44,6.2,2545.0,7.6,,26.3,6.9,1.0,Roxo,Sedentario
20,8.5,6856.0,6.3,3.0,23.6,6.0,2.1,Cinza,Moderadamente_Ativo
31,7.3,6842.0,6.6,2.0,23.4,3.0,2.4,Amarelo,Moderadamente_Ativo
39,6.3,4192.0,10.4,1.0,26.2,8.4,1.8,Verde,Sedentario
30,7.6,10769.0,4.6,5.0,24.3,2.4,2.7,Verde,Ativo
45,5.1,2109.0,8.5,0.0,32.4,8.0,0.8,Vermelho,Sedentario
45,6.5,2825.0,10.8,0.0,30.0,10.2,0.7,Verde,Sedentario
37,7.3,6490.0,7.0,2.0,22.6,5.3,2.3,Azul,Moderadamente_Ativo
21,8.2,14842.0,3.1,,19.7,3.8,3.1,Azul,Ativo
46,7.1,7621.0,8.7,3.0,26.3,4.9,1.9,Vermelho,Moderadamente_Ativo
42,8.4,5807.0,7.5,3.0,22.1,4.7,1.2,Roxo,Moderadamente_Ativo
39,8.4,15773.0,3.3,5.0,23.5,2.2,2.5,Roxo,Ativo
42,6.9,7463.0,9.1,3.0,26.7,,1.9,Roxo,Moderadamente_Ativo
41,6.6,5949.0,6.1,,25.7,5.4,,Branco,Moderadamente_Ativo
50,5.4,4680.0,11.0,0.0,31.0,10.2,1.3,Cinza,Sedentario
26,6.8,5860.0,7.2,2.0,20.2,4.6,1.5,Verde,Moderadamente_Ativo
32,7.5,13615.0,5.6,5.0,18.7,2.1,2.0,Branco,Ativo
40,5.8,2547.0,10.3,0.0,33.0,9.0,1.2,Cinza,Sedentario
29,8.6,15610.0,4.0,5.0,22.2,3.1,3.4,Azul,Ativo
43,7.1,5706.0,6.9,3.0,26.3,6.5,1.9,Branco,Moderadamente_Ativo
38,5.6,2409.0,11.0,0.0,31.3,,1.2,Branco,Sedentario
57,6.3,5585.0,6.5,2.0,20.9,8.4,2.2,Azul,Moderadamente_Ativo
48,5.0,1704.0,10.5,0.0,37.9,6.6,1.1,Roxo,Sedentario
54,7.2,6793.0,6.9,3.0,24.9,5.4,1.6,Preto,Moderadamente_Ativo
20,7.6,5753.0,5.7,2.0,24.4,3.1,2.8,Verde,Moderadamente_Ativo
75,5.0,1225.0,10.5,0.0,29.2,6.0,1.3,Vermelho,Sedentario
51,5.7,,13.7,0.0,,7.8,0.8,Branco,Sedentario
72,6.3,2108.0,11.7,0.0,25.2,7.6,1.5,Preto,Sedentario
46,7.8,2454.0,9.3,1.0,31.5,6.8,1.0,Verde,Sedentario
34,7.7,12845.0,3.8,6.0,21.4,1.4,2.0,Azul,Ativo
51,6.4,1787.0,10.2,0.0,27.1,6.6,,Vermelho,Sedentario
31,8.1,14135.0,2.6,5.0,25.0,3.1,2.6,Azul,Ativo
20,8.1,10804.0,2.7,,18.8,2.0,3.1,Roxo,Ativo
59,5.0,4926.0,10.6,0.0,28.2,8.9,1.5,Azul,Sedentario
23,7.5,13777.0,4.4,5.0,,0.8,2.6,Cinza,Ativo
38,7.1,3541.0,6.8,3.0,26.4,5.5,1.6,Cinza,Moderadamente_Ativo
36,6.9,9962.0,6.3,3.0,28.5,5.1,2.5,Branco,Moderadamente_Ativo
23,6.7,7494.0,5.9,4.0,,6.5,2.3,Branco,Moderadamente_Ativo
45,8.1,7651.0,7.2,3.0,26.1,5.9,1.5,Preto,Moderadamente_Ativo
53,7.5,2995.0,9.6,0.0,,7.6,0.6,Vermelho,Sedentario
29,9.2,5283.0,3.6,3.0,31.0,5.4,2.2,Preto,Moderadamente_Ativo
39,6.2,3418.0,13.0,0.0,31.7,7.1,1.2,Cinza,Sedentario
35,8.9,13662.0,3.4,5.0,25.6,2.4,3.4,Branco,Ativo
49,3.8,2059.0,12.4,0.0,30.6,8.5,1.4,Amarelo,Sedentario
44,7.5,7207.0,8.2,2.0,22.3,4.8,2.2,Vermelho,Moderadamente_Ativo
18,9.1,12586.0,4.3,5.0,19.7,3.3,2.8,Verde,Ativo
31,7.0,7396.0,6.4,3.0,31.8,4.6,2.2,Vermelho,Moderadamente_Ativo
60,5.6,2984.0,8.9,0.0,35.3,4.5,0.8,Azul,Sedentario
58,7.0,2379.0,10.3,0.0,29.1,9.9,0.8,Verde,Sedentario
18,8.6,10993.0,6.0,3.0,22.4,6.0,1.7,Amarelo,Moderadamente_Ativo
61,6.7,1598.0,11.3,0.0,26.3,7.8,1.1,Azul,Sedentario
